doi,标题,期刊,年份,作者
,"Magnetic field stabilized Wigner crystal states in a graphene moir\'e
  superlattice",,2023,"Guorui Chen,Ya-Hui Zhang,Aaron Sharpe,Zuocheng Zhang,Shaoxin Wang,Lili Jiang,Bosai Lyu,Hongyuan Li,Kenji Watanabe,Takashi Taniguchi,Zhiwen Shi,David Goldhaber-Gordon,Yuanbo Zhang,Feng Wang"
10.1063/5.0110875,An ultra-high vacuum system for fabricating clean two-dimensional material devices.,The Review of scientific instruments,2023,"Shuaifei Guo,Mingyan Luo,Gang Shi,Ning Tian,Zhe Huang,Fangyuan Yang,Liguo Ma,Nai Zhou Wang,Qinzhen Shi,Kailiang Xu,Zihan Xu,Kenji Watanabe,Takashi Taniguchi,Xian Hui Chen,Dawei Shen,Liyuan Zhang,Wei Ruan,Yuanbo Zhang"
,Magnetic Field-Stabilized Wigner Crystal States in a Graphene Moiré Superlattice.,Nano letters,2023,"Guorui Chen,Ya-Hui Zhang,Aaron Sharpe,Zuocheng Zhang,Shaoxin Wang,Lili Jiang,Bosai Lyu,Hongyuan Li,Kenji Watanabe,Takashi Taniguchi,Zhiwen Shi,David Goldhaber-Gordon,Yuanbo Zhang,Feng Wang"
10.1021/acs.nanolett.1c03699,Tunable Orbital Ferromagnetism at Noninteger Filling of a Moire Superlattice,NANO LETTERS,2022,"Guorui Chen,Aaron L. Sharpe,Eli J. Fox,Shaoxin Wang,Bosai Lyu,Lili Jiang,Hongyuan Li,Kenji Watanabe,Takashi Taniguchi,Michael F. Crommie,M. A. Kastner,Zhiwen Shi,David Goldhaber-Gordon,Yuanbo Zhang,Feng Wang"
10.1515/nanoph-2021-0801,Gate-tuned graphene meta-devices for dynamically controlling terahertz wavefronts,NANOPHOTONICS,2022,"Qiushi Li,Xiaodong Cai,Tong Liu,Min Jia,Qiong Wu,Haoyang Zhou,Huanhuan Liu,Qianqian Wang,Xiaohui Ling,Cong Chen,Fan Ding,Qiong He,Yuanbo Zhang,Shiyi Xiao,Lei Zhou"
,Metal to Mott Insulator Transition in Two-dimensional 1T-TaSe$_2$,,2022,"Ning Tian,Zhe Huang,Bo Gyu Jang,Shuaifei Guo,Ya-Jun Yan,Jingjing Gao,Yijun Yu,Jinwoong Hwang,Meixiao Wang,Xuan Luo,Yu Ping Sun,Zhongkai Liu,Dong-Lai Feng,Xianhui Chen,Sung-Kwan Mo,Minjae Kim,Young-Woo Son,Dawei Shen,Wei Ruan,Yuanbo Zhang"
10.1038/s41565-022-01230-0,Continuous epitaxy of single-crystal graphite films by isothermal carbon diffusion through nickel,Nature Nanotechnology,2022,"Zhang, Zhibin,Ding, Mingchao,Cheng, Ting,Qiao, Ruixi,Zhao, Mengze,Luo, Mingyan,Wang, Enze,Sun, Yufei,Zhang, Shuai,Li, Xingguang,Zhang, Zhihong,Mao, Hancheng,Liu, Fang,Fu, Ying,Liu, Kehai,Zou, Dingxin,Liu, Can,Wu, Muhong,Fan, Chuanlin,Zhu, Qingshan,Wang, Xinqiang,Gao, Peng,Li, Qunyang,Liu, Kai,Zhang, Yuanbo,Bai, Xuedong,Yu, Dapeng,Ding, Feng,Wang, Enge,Liu, Kaihui"
10.1126/science.abg3036,Spectroscopy signatures of electron correlations in a trilayer graphene/hBN moire superlattice,SCIENCE,2022,"Jixiang Yang,Guorui Chen,Tianyi Han,Qihang Zhang,Ya-Hui Zhang,Lili Jiang,Bosai Lyu,Hongyuan Li,Kenji Watanabe,Takashi Taniguchi,Zhiwen Shi,Todadri Senthil,Yuanbo Zhang,Feng Wang,Long Ju"
10.1126/sciadv.abn1811,HgCdTe/black phosphorus van der Waals heterojunction for high-performance polarization-sensitive midwave infrared photodetector,SCIENCE ADVANCES,2022,"Hanxue Jiao,Xudong Wang,Yan Chen,Shuaifei Guo,Shuaiqin Wu,Chaoyu Song,Shenyang Huang,Xinning Huang,Xiaochi Tai,Tie Lin,Hong Shen,Hugen Yan,Weida Hu,Xiangjian Meng,Junhao Chu,Yuanbo Zhang,Jianlu Wang"
10.1038/s41377-021-00522-9,Engineering Single-Molecule Fluorescence With Asymmetric Nano-Antennas,LIGHT-SCIENCE & APPLICATIONS,2021,"Wenqi Zhao,Xiaochaoran Tian,Zhening Fang,Shiyi Xiao,Meng Qiu,Qiong He,Wei Feng,Fuyou Li,Yuanbo Zhang,Lei Zhou,Yan-Wen Tan"
,Correlation Effect in ABC-TLG and hBN Superlattice Revealed by Infrared Photocurrent Spectroscopy,Bulletin of the American Physical Society,2021,"Jixiang Yang,Guorui Chen,Yahui Zhang,Qihang Zhang,Lili Jiang,Hongyuan Li,Bosai Lv,Kenji Watanabe,Takashi Taniguchi,Zhiwen Shi,Senthil Todadri,Yuanbo Zhang,feng wang,Long Ju"
,Engineering single-molecule fluorescence with asymmetric nano-antennas,Light: Science & Applications,2021,"Wenqi Zhao,Xiaochaoran Tian,Zhening Fang,Shiyi Xiao,Meng Qiu,Qiong He,Wei Feng,Fuyou Li,Yuanbo Zhang,Lei Zhou,Yan-Wen Tan"
10.21203/rs.3.rs-1173323/v1,"Oscillating paramagnetic Meissner effect and
  Berezinskii-Kosterlitz-Thouless transition in $Bi_2Sr_2CaCu_2O_{8+\delta}$
  monolayer",,2021,"S. Y. Wang,Y. Yu,J. X. Hao,Y. Feng,J. J. Zhu,Y. S. Lin,B. K. Xiang,H. Ru,Y. P. Pan,G. D. Gu,K. Watanabe,T. Taniguchi,Y. Qi,Y. Zhang,Y. H. Wang"
,Anisotropic moiré optical transitions in twisted monolayer/bilayer phosphorene heterostructures,Nature Communications,2021,"Shilong Zhao,Erqing Wang,Ebru Alime Üzer,Shuaifei Guo,Ruishi Qi,Junyang Tan,Kenji Watanabe,Takashi Taniguchi,Tom Nilges,Peng Gao,Yuanbo Zhang,Hui-Ming Cheng,Bilu Liu,Xiaolong Zou,Feng Wang"
10.1038/s41586-020-2049-7,Tunable correlated Chern insulator and ferromagnetism in a moiré superlattice.,NATURE,2020,"Guorui Chen,Aaron L Sharpe,Eli J Fox,Ya-Hui Zhang,Shaoxin Wang,Lili Jiang,Bosai Lyu,Hongyuan Li,Kenji Watanabe,Takashi Taniguchi,Zhiwen Shi,T Senthil,David Goldhaber-Gordon,Yuanbo Zhang,Feng Wang"
10.1038/s41586-020-2237-5,Publisher Correction: Tunable correlated Chern insulator and ferromagnetism in a moiré superlattice,Nature,2020,"Chen, Guorui,Sharpe, Aaron L.,Fox, Eli J.,Zhang, Ya-Hui,Wang, Shaoxin,Jiang, Lili,Lyu, Bosai,Li, Hongyuan,Watanabe, Kenji,Taniguchi, Takashi,Shi, Zhiwen,Senthil, T.,Goldhaber-Gordon, David,Zhang, Yuanbo,Wang, Feng"
10.1038/s41586-020-2237-5,"Tunable Correlated Chern Insulator And Ferromagnetism In A Moire Superlattice (Vol 579, Pg 56, 2020)",NATURE,2020,"Guorui Chen,Aaron L. Sharpe,Eli J. Fox,Ya-Hui Zhang,Shaoxin Wang,Lili Jiang,Bosai Lyu,Hongyuan Li,Kenji Watanabe,Takashi Taniguchi,Zhiwen Shi,T. Senthil,David Goldhaber-Gordon,Yuanbo Zhang,Feng Wang"
,Proving High Temperature Superconductivity in Monolayer Bi 2 Sr 2-x La x CuO 6+δ,Bulletin of the American Physical Society,2020,"Hengsheng Luo,Liguo Ma,Yijun Yu,Peng Cai,Dongjoon Song,Ruidan Zhong,Jian Shen,Genda Gu,Hiroshi Eisaki,Xianhui Chen,Yuanbo Zhang"
10.1126/science.aax8156,Quantum Anomalous Hall Effect In Intrinsic Magnetic Topological Insulator Mnbi2te4,SCIENCE,2020,"Yujun Deng,Yijun Yu,Meng Zhu Shi,Zhongxun Guo,Zihan Xu,Jing Wang,Xian Hui Chen,Yuanbo Zhang"
10.1038/s41563-019-0600-4,Coexistence of large conventional and planar spin Hall effect with long spin diffusion length in a low-symmetry semimetal at room temperature.,NATURE MATERIALS,2020,"Peng Song,Chuang-Han Hsu,Giovanni Vignale,Meng Zhao,Jiawei Liu,Yujun Deng,Wei Fu,Yanpeng Liu,Yuanbo Zhang,Hsin Lin,Vitor M Pereira,Kian Ping Loh"
10.1103/PhysRevLett.124.126402,Flat Chern Band From Twisted Bilayer MnBi$_2$Te$_4$,PHYSICAL REVIEW LETTERS,2020,"Lian Biao,Liu Zhaochen,Zhang Yuanbo,Wang Jing"
,Evidence of Gate-Tunable Mott Insulator in Trilayer Graphene-Boron Nitride Moir'e Superlattice.,arXiv: Mesoscale and Nanoscale Physics,2019,"Guorui Chen,Lili Jiang,Shuang Wu,Bosai Lyu,Hongyuan Li,Bheema Lingam Chittari,Kenji Watanabe,Takashi Taniguchi,Zhiwen Shi,Jeil Jung,Yuanbo Zhang,Feng Wang"
,Gate-Tunable Mott Insulator in Trilayer Graphene-Boron Nitride Moir\'e Superlattice,Bulletin of the American Physical Society,2019,"Guorui Chen,Lili Jiang,Shuang Wu,Bosai Lv,Hongyuan Li,Kenji Watanabe,Takashi Taniguchi,Zhiwen Shi,Yuanbo Zhang,Feng Wang"
,Magnetic-field-induced quantized anomalous Hall effect in intrinsic magnetic topological insulator MnBi$_2$Te$_4$,arXiv: Materials Science,2019,"Yujun Deng,Yijun Yu,Meng Zhu Shi,Jing Wang,Xian Hui Chen,Yuanbo Zhang"
10.3969/j.issn.1009-2412.2019.01.004,Progress in the Study of Spin States Control Via Spa- tial Confinement in Correlated Electronic Materi- als and their Applications in Spintronic Devices,China Basic Science,2019,"Jirong Sun,Yuanbo Zhang,Zhaohua Cheng,Yang Sun,Richeng Yu,Banggui Liu,Yuansha Chen,Lifeng Yin,Jiang Xiao,Hua Wu,Wenbin Wang,Tai Min,Fei Ma,Yizheng Wu,Xiaofeng Jin,Haibin Zhao,Jian Shen"
,Tunable Correlated Chern Insulator and Ferromagnetism in Trilayer Graphene/Boron Nitride Moir'e Superlattice,arXiv: Mesoscale and Nanoscale Physics,2019,"Guorui Chen,Aaron L. Sharpe,Eli J. Fox,Ya-Hui Zhang,Shaoxin Wang,Lili Jiang,Bosai Lyu,Hongyuan Li,Kenji Watanabe,Takashi Taniguchi,Zhiwen Shi,T. Senthil,David Goldhaber-Gordon,Yuanbo Zhang,Feng Wang"
10.1021/acs.nanolett.9b02298,Mapping Dynamical Magnetic Responses of Ultra-thin Micron-size Superconducting Films using Nitrogen-vacancy Centers in Diamond.,NANO LETTERS,2019,"Ying Xu,Yijun Yu,Yuen Yung Hui,Yudan Su,Jun Cheng,Huan-Cheng Chang,Yuanbo Zhang,Y.Ron Shen,Chuanshan Tian"
10.1038/s41586-019-1393-y,Signatures of tunable superconductivity in a trilayer graphene moiré superlattice.,NATURE,2019,"Guorui Chen,Aaron L Sharpe,Patrick Gallagher,Ilan T Rosen,Eli J Fox,Lili Jiang,Bosai Lyu,Hongyuan Li,Kenji Watanabe,Takashi Taniguchi,Jeil Jung,Zhiwen Shi,David Goldhaber-Gordon,Yuanbo Zhang,Feng Wang"
10.1038/s41586-019-1718-x,High-temperature superconductivity in monolayer Bi 2 Sr 2 CaCu 2 O 8+δ .,NATURE,2019,"Yijun Yu,Liguo Ma,Peng Cai,Ruidan Zhong,Cun Ye,Jian Shen,G D Gu,Xian Hui Chen,Yuanbo Zhang"
10.1038/s41567-018-0387-2,Evidence of a gate-tunable Mott insulator in a trilayer graphene moiré superlattice,NATURE PHYSICS,2019,"Guorui Chen,Lili Jiang,Shuang Wu,Bosai Lyu,Hongyuan Li,Bheema Lingam Chittari,Kenji Watanabe,Takashi Taniguchi,Zhiwen Shi,Jeil Jung,Yuanbo Zhang,Feng Wang"
10.7693/wl20190203,新型磁性二维材料Fe3GeTe2及其室温磁性调控,Physics,2019,"邓雨君,於逸骏,张远波"
10.1016/j.scib.2018.11.006,Magnetic field-induced electronic phase transition in the Dirac semimetal state of black phosphorus under pressure,Science Bulletin,2018,"Zeliang Sun,Ziji Xiang,Zhongyi Wang,Jinglei Zhang,Long Ma,Naizhou Wang,Chao Shang,Fanbao Meng,Liangjian Zou,Yuanbo Zhang,Xianhui Chen"
10.1021/acs.nanolett.8b03267,Quantum Hall Effect in Electron-doped Black Phosphorus Field-effect Transistors.,NANO LETTERS,2018,"Fangyuan Yang,Zuocheng Zhang,Nai Zhou Wang,Guo Jun Ye,Wenkai Lou,Xiaoying Zhou,Kenji Watanabe,Takashi Taniguchi,Kai Chang,Xian Hui Chen,Yuanbo Zhang"
10.1038/s41586-018-0626-9,Gate-tunable room-temperature ferromagnetism in two-dimensional FeGeTe.,NATURE,2018,"Yujun Deng,Yijun Yu,Yichen Song,Jingzhao Zhang,Nai Zhou Wang,Zeyuan Sun,Yangfan Yi,Yi Zheng Wu,Shiwei Wu,Junyi Zhu,Jing Wang,Xian Hui Chen,Yuanbo Zhang"
10.1103/PhysRevLett.122.016401,"Gate-Tunable Topological Flat Bands in Trilayer Graphene-Boron Nitride
  Moir\'e Superlattices",Bulletin of the American Physical Society,2018,"Bheema Lingam Chittari,Guorui Chen,Yuanbo Zhang,Feng Wang,Jeil Jung"
10.1021/acs.nanolett.7b02624,Strain-modulated Bandgap and Piezo-resistive Effect in Black Phosphorus Field-effect Transistors.,NANO LETTERS,2017,"Zuocheng Zhang,Likai Li,Jason Horng,Nai Zhou Wang,Fangyuan Yang,Yijun Yu,Yu Zhang,Guorui Chen,Kenji Watanabe,Takashi Taniguchi,Xian Hui Chen,Feng Wang,Yuanbo Zhang"
,Towards tunable black phosphorus field-effect transistors,Bulletin of the American Physical Society,2017,"Zuocheng Zhang,Likai Li,Jason Horng,Naizhou Wang,Fangyuan Yang,Yu Zhang,Yijun Yu,Guorui Chen,Kenji Watanabe,Takashi Taniguchi,Xianhui Chen,Feng Wang,Yuanbo Zhang"
10.1088/1361-6463/aa4e8b,Emergent elemental two-dimensional materials beyond graphene,JOURNAL OF PHYSICS D-APPLIED PHYSICS,2017,"Yuanbo Zhang,Angel Rubio,Guy Le Lay"
10.7693/wl20170401,From two-dimensional materials to van der Waals heterostructures,Physics,2017,"Yi-Jun YU,Yuan-Bo ZHANG"
10.1103/PhysRevB.95.020503,Tuning Phase Transitions In Fese Thin Flakes By Field-Effect Transistor With Solid Ion Conductor As The Gate Dielectric,PHYSICAL REVIEW B,2017,"Bin Lei,N. Z. Wang,C. Shang,F. B. Meng,L. K. Ma,X. Luo,T. Wu,Zhe Sun,Ying Wang,Z. Jiang,B. H. Mao,Zheng Liu,Y. J. Yu,Y. B. Zhang,X. H. Chen"
10.1016/j.bpj.2016.11.1635,Modulation Of Fluorescence Emission Rate Using Nano-Antenna,BIOPHYSICAL JOURNAL,2017,"Wenqi Zhao,Xiaochaoran Tian,Meng Qiu,Yuanbo Zhang,Lei Zhou,Yan-Wen Tan"
10.1021/acs.nanolett.7b00735,Emergence of Tertiary Dirac Points in Graphene Moiré Superlattices,NANO LETTERS,2017,"Guorui Chen,Mengqiao Sui,Duoming Wang,Shuopei Wang,Jeil Jung,Pilkyung Moon,Shaffique Adam,Kenji Watanabe,Takashi Taniguchi,Shuyun Zhou,Mikito Koshino,Guangyu Zhang,Yuanbo Zhang"
10.1103/PhysRevLett.116.126101,Thermally Induced Graphene Rotation on Hexagonal Boron Nitride.,PHYSICAL REVIEW LETTERS,2016,"Duoming Wang,Guorui Chen,Chaokai Li,Meng Cheng,Wei Yang,Shuang Wu,Guibai Xie,Jing Zhang,Jing Zhao,Xiaobo Lu,Peng Chen,Guole Wang,Jianling Meng,Jian Tang,Rong Yang,Congli He,Donghua Liu,Dongxia Shi,Kenji Watanabe,Takashi Taniguchi,Ji Feng,Yuanbo Zhang,Guangyu Zhang"
10.1038/ncomms10956,A metallic mosaic phase and the origin of Mott-insulating state in 1T-TaS2.,Nature communications,2016,"liguo ma,cun ye,yijun yu,x f lu,xiaohai niu,sejoong kim,donglai feng,david tomanek,youngwoo son,x h chen,yuanbo zhang"
10.1002/admi.201500496,Layer Controllable Graphene Using Graphite Intercalation Compounds with Different Stage Numbers through Li Conversion Reaction,ADVANCED MATERIALS INTERFACES,2016,"fei wang,guorui chen,wei li,yonggang wang,congxiao wang,yuanbo zhang,yongyao xia"
10.1038/NPHYS3856,Gaps induced by inversion symmetry breaking and second-generation Dirac cones in graphene/hexagonal boron nitride,NATURE PHYSICS,2016,"Eryin Wang,Xiaobo Lu,Shijie Ding,Wei Yao,Mingzhe Yan,Guoliang Wan,Ke Deng,Shuopei Wang,Guorui Chen,Liguo Ma,Jeil Jung,A. V. Fedorov,Yuanbo Zhang,Guangyu Zhang,Shuyun Zhou"
,Switching Characteristics of BJT and PSPICE Simulation,Journal of System Simulation,2016,"Zi Li,Yuanbo Zhang"
10.1088/0953-8984/28/44/444002,Electronic structure of transferred graphene/h-BN van der Waals heterostructures with nonzero stacking angles by nano-ARPES,JOURNAL OF PHYSICS-CONDENSED MATTER,2016,"Eryin Wang,Guorui Chen,Guoliang Wan,Xiaobo Lu,Chaoyu Chen,José Avila,A. V. Fedorov,Guangyu Zhang,Maria C. Asensio,Yuanbo Zhang,Shuyun Zhou"
10.1038/NNANO.2016.42,Quantum Hall effect in black phosphorus two-dimensional electron system.,NATURE NANOTECHNOLOGY,2016,"Likai Li,Fangyuan Yang,Guo Jun Ye,Zuocheng Zhang,Zengwei Zhu,Wenkai Lou,Xiaoying Zhou,Liang Li,Kenji Watanabe,Takashi Taniguchi,Kai Chang,Yayu Wang,Xian Hui Chen,Yuanbo Zhang"
10.1021/acs.nanolett.5b02025,Polymer Adsorption on Graphite and CVD Graphene Surfaces Studied by Surface-Specific Vibrational Spectroscopy,NANO LETTERS,2015,"Yudan Su,Hui-Ling Han,Qun Cai,Qiong Wu,Mingxiu Xie,Daoyong Chen,Baisong Geng,Yuanbo Zhang,Feng Wang,Y. R. Shen,Chuanshan Tian"
10.1103/PhysRevB.92.235402,Zeeman Effect Of The Topological Surface States Revealed By Quantum Oscillations Up To 91 Tesla,PHYSICAL REVIEW B,2015,"Zuocheng Zhang,Wei Wei,Fangyuan Yang,Zengwei Zhu,Minghua Guo,Yang Feng,Dejing Yu,Meng-Yu Yao,N. Harrison,Ross D. McDonald,Yuanbo Zhang,Dandan Guan,Dong Qian,Jin-Feng Jia,Yayu Wang"
10.1038/nnano.2014.323,Gate-tunable phase transitions in thin flakes of 1T-TaS2.,Nature nanotechnology,2015,"Yijun Yu,Fangyuan Yang,Ya Jun Yan,Liguo Ma,Xiaohai Niu,Donglai Feng,Shiyan Li,Yuanbo Zhang,Xiu Fang Lu,Xian Hui Chen,Ya Jun Yan,Xiu Fang Lu,Yong-Heum Cho,Sang-Wook Cheong,Sejoong Kim,Young-Woo Son"
10.1038/nnano.2015.91,Quantum oscillations in a two-dimensional electron gas in black phosphorus thin films.,Nature nanotechnology,2015,"Likai Li,Guorui Chen,Yuanbo Zhang,Guo Jun Ye,Xian Hui Chen,Guo Jun Ye,Vy Tran,Ruixiang Fei,Li Yang,Huichao Wang,Jian Wang,Kenji Watanabe,Takashi Taniguchi"
10.1038/NPHYS3485,Gate-tunable Topological Valley Transport in Bilayer Graphene,NATURE PHYSICS,2015,"mengqiao sui,guorui chen,liguo ma,w shan,dai tian,kenji watanabe,takashi taniguchi,xiaofeng jin,wang yao,di xiao,yuanbo zhang"
10.1103/PhysRevX.5.041027,Full-range Gate-controlled Terahertz Phase Modulation with Graphene Metasurfaces,PHYSICAL REVIEW X,2015,"qiong wu,ziqi miao,xin li,ding kun,qiong he,zhenhua an,yuanbo zhang,lei zhou"
10.1007/978-3-319-02633-6_1,Experimental Manifestation of Berry Phase in Graphene,Physics of GrapheneNanoScience and Technology,2014,"andrea f young,yuanbo zhang,philip kim"
,Engineering Electronic Band Structure in Graphene Superlattices on Hexagonal Boron Nitride,Bulletin of the American Physical Society,2014,"guorui chen,mengqiao sui,yijun yu,wei yang,kenji watanabe,takashi taniguchi,guangyu zhang,yuanbo zhang"
,Photo-induced Modulation Doping in Graphene/Boron Nitride Heterostructures,,2014,"salman kahn,jairo velasco,long ju,edwin hwang,c nosiglia,h z tsai,wei yang,takashi taniguchi,kenji watanabe,dillon wong,yang wang,juwon lee,yuanbo zhang,guangyu zhang,michael f crommie,alex zettl,feng wang"
10.1038/NNANO.2014.35,Black phosphorus field-effect transistors.,NATURE NANOTECHNOLOGY,2014,"Likai Li,Yijun Yu,Guo Jun Ye,Qingqin Ge,Xuedong Ou,Hua Wu,Donglai Feng,Xian Hui Chen,Yuanbo Zhang"
10.1038/nphys3075,Gate-dependent pseudospin mixing in graphene/boron nitride moire superlattices,Nature Physics,2014,"Zhiwen Shi,Chenhao Jin,Long Ju,Jason Horng,Feng Wang,Wei Yang,Xiaobo Lu,Xuedong Bai,Guangyu Zhang,Hans A. Bechtel,Michael C. Martin,Deyi Fu,Junqiao Wu,Kenji Watanabe,Takashi Taniguchi,Yuanbo Zhang,Enge Wang"
10.1103/RevModPhys.86.959,Colloquium: Graphene spectroscopy,REVIEWS OF MODERN PHYSICS,2014,"d n basov,m m fogler,alessandra lanzara,feng wang,yuanbo zhang"
,Quantum Oscillations in Black Phosphorus Two-dimensional Electron Gas,,2014,"likai li,g j ye,vy tran,ruixiang fei,guorui chen,huichao wang,jian wang,kenji watanabe,takashi taniguchi,li yang,x h chen,yuanbo zhang"
10.1038/nmat3695,Epitaxial growth of single-domain graphene on hexagonal boron nitride.,Nature materials,2013,"Wei Yang,Zhiwen Shi,Cheng-Cheng Liu,Lianchang Zhang,Guibai Xie,Meng Cheng,Duoming Wang,Rong Yang,Dongxia Shi,Guangyu Zhang,Guorui Chen,Yuanbo Zhang,Cheng-Cheng Liu,Yugui Yao,Kenji Watanabe,Takashi Taniguchi"
10.1039/c2nr32172f,Sn-doped bismuth telluride nanowires with high conductivity.,NANOSCALE,2012,"Gang Mi,Likai Li,Yuanbo Zhang,Gengfeng Zheng"
,"Graphene Device, Method of Investigating Graphene, and Method of Operating Graphene Device",,2011,"feng wang,yuanbo zhang,tsungta tang,michael f crommie,alex zettl,caglar girit"
null,Intraband optical transitions in graphene,Lasers and Electro-Optics,2011,"Jason Horng,Chi-Fan Chen,Baisong Geng,Çaǧlar Ö Girit,Yuanbo Zhang,Zhao Hao,Hans A. Bechtel,Michael C. Martin,Alex K. Zettl,Michael F. Crommie,Yuen Ron Shen,Feng Wang"
10.1109/irmmw-THz.2011.6105038,Infrared spectroscopy of graphene,"Infrared, Millimeter and Terahertz Waves",2011,"Long Ju,Jason Horng,Chifan Chen,Baisong Geng,Çaǧlar Ö Girit,Yuanbo Zhang,Zhao Hao,Hans A. Bechtel,Michael C. Martin,Alex K. Zettl,Feng Wang"
10.1103/PhysRevB.83.165113,Drude Conductivity Of Dirac Fermions In Graphene,PHYSICAL REVIEW B,2011,"Jason Horng,Chi-Fan Chen,Baisong Geng,Caglar Girit,Yuanbo Zhang,Zhao Hao,Hans A. Bechtel,Michael Martin,Alex Zettl,Michael F. Crommie,Y. Ron Shen,Feng Wang"
,Far infrared spectroscopy of graphene,Solid state communications,2010,"jason horng,chifan chen,baisong geng,yuanbo zhang,caglar girit,zhao hao,hans a bechtel,alex zettl,michael f crommie,feng wang"
10.1038/nphys1502,"Origin Of Spatial Charge Inhomogeneity In Graphene (Vol 5, Pg 722, 2009)",NATURE PHYSICS,2010,"Yuanbo Zhang,Victor W. Brar,Caglar Girit,Alex Zettl,Michael F. Crommie"
10.1038/nphys1502,Erratum: Origin of spatial charge inhomogeneity in graphene,Nature Physics,2010,"Yuanbo Zhang,Victor W. Brar,Caglar Girit,Alex Zettl,Michael F. Crommie"
,Local Probe Investigation of Metal Adsorbates on a Gated Graphene Device,Bulletin of the American Physical Society,2010,"regis decker,victor w brar,hansmichael solowan,yuanbo zhang,alex zettl,michael f crommie"
10.1038/NNANO.2009.334,A tunable phonon-exciton Fano system in bilayer graphene.,NATURE NANOTECHNOLOGY,2010,"Tsung-Ta Tang,Yuanbo Zhang,Cheol-Hwan Park,Baisong Geng,Caglar Girit,Zhao Hao,Michael C Martin,Alex Zettl,Michael F Crommie,Steven G Louie,Y Ron Shen,Feng Wang"
10.1038/NPHYS1365,Origin of spatial charge inhomogeneity in graphene,NATURE PHYSICS,2010,"yuanbo zhang y,victor w brar v w,caglar girit c,alex zettl a,michael f crommie m f"
,Graphene Superconducting Quantum Interference Device,Bulletin of the American Physical Society,2010,"c c a u g lar girit,vincent bouchiat,ofer naaman,yuanbo zhang,michael f crommie,alex zettl,irfan siddiqi"
,Optical Determination of Gate--Tunable Bandgap in Bilayer Graphene,Lawrence Berkeley National Laboratory,2010,Yuanbo Zhang
10.1002/pssb.201000324,Optical spectroscopy of bilayer graphene,PHYSICA STATUS SOLIDI B-BASIC SOLID STATE PHYSICS,2010,"Baisong Geng,Jason Horng,Yuanbo Zhang,Tsungta Tang,CheolHwan Park,Çaǧlar Ö Girit,Zhao Hao,Michael C. Martin,Alex K. Zettl,Michael F. Crommie,Steven G. Louie,Feng Wang"
10.1103/PhysRevLett.104.036805,Observation Of Carrier-Density-Dependent Many-Body Effects In Graphene Via Tunneling Spectroscopy,PHYSICAL REVIEW LETTERS,2010,"Victor W. Brar,Sebastian Wickenburg,Melissa Panlasigui,Cheol-Hwan Park,Tim O. Wehling,Yuanbo Zhang,Régis Decker,Çağlar Girit,Alexander V. Balatsky,Steven G. Louie,Alex Zettl,Michael F. Crommie"
10.1002/pssb.200982331,Current-phase relation in graphene and application to a superconducting quantum interference device,PHYSICA STATUS SOLIDI B-BASIC SOLID STATE PHYSICS,2009,"Çağlar Girit,Vincent Bouchiat,Ofer Naaman,Yuanbo Zhang,M. F. Crommie,A. Zettl,Irfan Siddiqi"
10.1021/nl802765x,Tunable graphene dc superconducting quantum interference device.,NANO LETTERS,2009,"Caglar Girit,V Bouchiat,O Naaman,Y Zhang,M F Crommie,A Zettl,I Siddiqi"
10.1038/nature08105,Direct observation of a widely tunable bandgap in bilayer graphene.,NATURE,2009,"Yuanbo Zhang,Tsung-Ta Tang,Caglar Girit,Zhao Hao,Michael C Martin,Alex Zettl,Michael F Crommie,Y Ron Shen,Feng Wang"
,Optical Determination of Gate--Tunable Bandgap in Bilayer Graphene,Nature,2009,"yuanbo zhang,tsungta tang,caglar girit,zhao hao,michael c martin,alex zettl,michael f crommie,y ron shen,feng wang"
,"Phonons, plasmons and impurities in Graphene probed with STM",Bulletin of the American Physical Society,2009,"victor w brar,yunabo zhang,melissa panlasigui,caglar girit,alex zettl,michael f crommie"
10.1109/QELS.2008.4553103,Optical Transitions In Monolayer And Bilayer Graphene,"2008 CONFERENCE ON LASERS AND ELECTRO-OPTICS & QUANTUM ELECTRONICS AND LASER SCIENCE CONFERENCE, VOLS 1-9",2008,"feng wang,yuanbo zhang,chuanshan tian,caglar girit,alex zettl,michael f crommie,y r shen"
10.1126/science.1152793,Gate-Variable Optical Transitions In Graphene,SCIENCE,2008,"Feng Wang,Yuanbo Zhang,Chuanshan Tian,Caglar Girit,Alex Zettl,Michael Crommie,Y Ron Shen"
,Gate-tunable Graphene Flakes Probed by Scanning Tunneling Spectroscopy at Atomic Scale,Bulletin of the American Physical Society,2008,"yuanbo zhang,victor w brar,feng wang,caglar girit,yossi yayon,melissa panlasigui,alex zettl,michael f crommie"
10.1038/nphys1022,Giant phonon-induced conductance in scanning tunnelling spectroscopy of gate-tunable graphene,NATURE PHYSICS,2008,"Yuanbo Zhang,Victor W. Brar,Feng Wang,Caglar Girit,Yossi Yayon,Melissa Panlasigui,Alex Zettl,Michael F. Crommie"
,Local Variations of Graphene Electronic Structure Probed by STM.,Bulletin of the American Physical Society,2008,"victor w brar,yuanbo zhang,caglar girit,alex zettl,michael f crommie"
10.1103/PhysRevLett.98.166802,Electric Field Effect Tuning Of Electron-Phonon Coupling In Graphene,PHYSICAL REVIEW LETTERS,2007,"Jun Yan,Yuanbo Zhang,Philip Kim,Aron Pinczuk"
,Engineering The Energy Band Gap of Graphene Quantum Structures,Bulletin of the American Physical Society,2007,"melinda y han,yuanbo zhang,barbaros oezyilmaz,philip kim"
,Scanning tunneling spectroscopy of inhomogeneous electronic structure in monolayer and bilayer graphene on SiC,Applied Physics,2007,"vw brar,y zhang,y yayon,t ohta,jl mcchesney,a bostwick"
,Electric Field Effect Modulation of Charge Transport in Atomically Thin Bi2Sr2CaCu2O8+delta,,2007,"asher mullokandov,solomon endlich,joel d chudow,yuanbo zhang,philip kim"
,Charge-Tunable Electron-Phonon Coupling in Single Layer Graphene,Bulletin of the American Physical Society,2007,"jun yan,yuanbo zhang,philip kim,a pinczuk"
10.1016/j.ssc.2007.04.022,Raman scattering and tunable electron–phonon coupling in single layer graphene,Solid State Communications,2007,"Jun Yan,Yuanbo Zhang,Sarah Goler,Philip Kim,Aron Pinczuk"
10.1063/1.2771084,Scanning Tunneling Spectroscopy Of Inhomogeneous Electronic Structure In Monolayer And Bilayer Graphene On Sic,APPLIED PHYSICS LETTERS,2007,"Victor W. Brar,Yuanbo Zhang,Yossi Yayon,Aaron Bostwick,Taisuke Ohta,Jessica L. McChesney,Karsten Horn,Eli Rotenberg,Michael F. Crommie"
10.1126/science.1137201,Room-Temperature Quantum Hall Effect In Graphene,SCIENCE,2007,"K. S. Novoselov,Z. Jiang,Y. Zhang,S. V. Morozov,H. L. Stormer,U. Zeitler,J. C. Maan,G. S. Boebinger,P. Kim,A. K. Geim"
,Electric Field Effect Modulation of Charge Transport in Atomically Thin Bi$_{2}$Sr$_{2}$CaCu$_{2}$O$_{8+\delta}$,Bulletin of the American Physical Society,2007,"Asher Mullokandov,Solomon Endlich,Joel Chudow,Yuanbo Zhang,Philip Kim"
,Scanning Probe Microscopy studies of 2D and quasi-2D graphene crystal structures.,Bulletin of the American Physical Society,2007,"elena polyakova,yuanbo zhang,melinda han,philip kim,george w flynn"
10.1103/PhysRevLett.98.206805,Energy Band-Gap Engineering Of Graphene Nanoribbons,PHYSICAL REVIEW LETTERS,2007,"Melinda Y. Han,Barbaros Ozyilmaz,Yuanbo Zhang,Philip Kim"
10.1103/PhysRevLett.96.136806,Landau-Level Splitting In Graphene In High Magnetic Fields,PHYSICAL REVIEW LETTERS,2006,"Y Zhang,Z Jiang,J P Small,M S Purewal,Y-W Tan,M Fazlollahi,J D Chudow,J A Jaszczak,H L Stormer,P Kim"
,STM studies of graphite microdevices,,2006,"elena polyakova,george w flynn,yuanbo zhang,mina fazlollahi,philip kim"
10.1002/pssb.200669193,Unusual transport properties in carbon based nanoscaled materials: nanotubes and graphene,PHYSICA STATUS SOLIDI B-BASIC SOLID STATE PHYSICS,2006,"M. S. Purewal,Y. Zhang,P. Kim"
,Spin and Valley Splitting of Two-Dimensional Electrons in Graphene in the High Magnetic Field Limit,Bulletin of the American Physical Society,2006,"yuanbo zhang,zhigang jiang,joshua p small,meninder s purewal,yanwen tan,mina fazlollahi,joel d chudow,john a jaszczak,h l stormer,philip kim"
,Electric Field Modulation of Galvanomagnetic Properties of Mesoscopic Graphite,Bulletin of the American Physical Society,2005,"Yuanbo Zhang,Joshua P. Small,Philip Kim"
10.1103/PhysRevLett.94.176803,Electric Field Modulation Of Galvanomagnetic Properties Of Mesoscopic Graphite,PHYSICAL REVIEW LETTERS,2005,"yongguang zhang,Joshua P Small,Michael E S Amori,Philip Kim"
10.1063/1.1862334,Fabrication And Electric-Field-Dependent Transport Measurements Of Mesoscopic Graphite Devices,APPLIED PHYSICS LETTERS,2005,"Yuanbo Zhang,Joshua P. Small,William V. Pontius,Philip Kima"
10.1038/nature04235,Experimental Observation Of The Quantum Hall Effect And Berry'S Phase In Graphene,NATURE,2005,"Yuanbo Zhang,Yan-Wen Tan,Horst L Stormer,Philip Kim"
,Thermoelectric Power Measurement of a Single-walled Nanotube Field Effect Transistor,,2004,"joshua p small,yuanbo zhang,james c hone,philip kim"
,Electric Field-Dependent Magneto-resistance and Hall Measurements in Thin Graphite Crystallites,,2004,"yuanbo zhang,joshua p small,philip kim"
,Fabrication and electron transport of nanometer thickness of graphite crystallites,,2003,"yuanbo zhang,philip kim"
